{
    "units": 
    {
        "light1_1":
        {
            "frame": {"x": 0, "y": 0, "w": 32, "h": 32},
            "n_frames": 2,
            "alpha": [255,0,255]
        },

        "light1_2":
        {
            "frame": {"x": 64, "y": 0, "w": 32, "h": 32},
            "n_frames": 2,
            "alpha": [255,0,255]
        },

        "light1_3":
        {
            "frame": {"x": 0, "y": 32, "w": 32, "h": 32},
            "n_frames": 2,
            "alpha": [255,0,255]
        },

        "light1_4":
        {
            "frame": {"x": 64, "y": 32, "w": 32, "h": 32},
            "n_frames": 2,
            "alpha": [255,0,255]
        },

        "light1_5":
        {
            "frame": {"x": 0, "y": 64, "w": 32, "h": 32},
            "n_frames": 2,
            "alpha": [255,0,255]
        },

        "light1_6":
        {
            "frame": {"x": 64, "y": 64, "w": 32, "h": 32},
            "n_frames": 2,
            "alpha": [255,0,255]
        },

        "light1_7":
        {
            "frame": {"x": 0, "y": 96, "w": 32, "h": 32},
            "n_frames": 2,
            "alpha": [255,0,255]
        },

        "light1_8":
        {
            "frame": {"x": 64, "y": 96, "w": 32, "h": 32},
            "n_frames": 2,
            "alpha": [255,0,255]
        },


        "med1_1":
        {
            "frame": {"x": 160, "y": 0, "w": 32, "h": 32},
            "n_frames": 2,
            "alpha": [255,0,255]
        },

        "med1_2":
        {
            "frame": {"x": 224, "y": 0, "w": 32, "h": 32},
            "n_frames": 2,
            "alpha": [255,0,255]
        },

        "med1_3":
        {
            "frame": {"x": 160, "y": 32, "w": 32, "h": 32},
            "n_frames": 2,
            "alpha": [255,0,255]
        },

        "med1_4":
        {
            "frame": {"x": 224, "y": 32, "w": 32, "h": 32},
            "n_frames": 2,
            "alpha": [255,0,255]
        },

        "med1_5":
        {
            "frame": {"x": 160, "y": 64, "w": 32, "h": 32},
            "n_frames": 2,
            "alpha": [255,0,255]
        },

        "med1_6":
        {
            "frame": {"x": 224, "y": 64, "w": 32, "h": 32},
            "n_frames": 2,
            "alpha": [255,0,255]
        },

        "med1_7":
        {
            "frame": {"x": 160, "y": 96, "w": 32, "h": 32},
            "n_frames": 2,
            "alpha": [255,0,255]
        },

        "med1_8":
        {
            "frame": {"x": 224, "y": 96, "w": 32, "h": 32},
            "n_frames": 2,
            "alpha": [255,0,255]
        },


        "assault1_1":
        {
            "frame": {"x": 320, "y": 0, "w": 32, "h": 32},
            "n_frames": 2,
            "alpha": [255,0,255]
        },

        "assault1_2":
        {
            "frame": {"x": 384, "y": 0, "w": 32, "h": 32},
            "n_frames": 2,
            "alpha": [255,0,255]
        },

        "assault1_3":
        {
            "frame": {"x": 320, "y": 32, "w": 32, "h": 32},
            "n_frames": 2,
            "alpha": [255,0,255]
        },

        "assault1_4":
        {
            "frame": {"x": 384, "y": 32, "w": 32, "h": 32},
            "n_frames": 2,
            "alpha": [255,0,255]
        },

        "assault1_5":
        {
            "frame": {"x": 320, "y": 64, "w": 32, "h": 32},
            "n_frames": 2,
            "alpha": [255,0,255]
        },

        "assault1_6":
        {
            "frame": {"x": 384, "y": 64, "w": 32, "h": 32},
            "n_frames": 2,
            "alpha": [255,0,255]
        },

        "assault1_7":
        {
            "frame": {"x": 320, "y": 96, "w": 32, "h": 32},
            "n_frames": 2,
            "alpha": [255,0,255]
        },

        "assault1_8":
        {
            "frame": {"x": 384, "y": 96, "w": 32, "h": 32},
            "n_frames": 2,
            "alpha": [255,0,255]
        },


        "assault2_1":
        {
            "frame": {"x": 480, "y": 0, "w": 32, "h": 32},
            "n_frames": 2,
            "alpha": [255,0,255]
        },

        "assault2_2":
        {
            "frame": {"x": 544, "y": 0, "w": 32, "h": 32},
            "n_frames": 2,
            "alpha": [255,0,255]
        },

        "assault2_3":
        {
            "frame": {"x": 480, "y": 32, "w": 32, "h": 32},
            "n_frames": 2,
            "alpha": [255,0,255]
        },

        "assault2_4":
        {
            "frame": {"x": 544, "y": 32, "w": 32, "h": 32},
            "n_frames": 2,
            "alpha": [255,0,255]
        },

        "assault2_5":
        {
            "frame": {"x": 480, "y": 64, "w": 32, "h": 32},
            "n_frames": 2,
            "alpha": [255,0,255]
        },

        "assault2_6":
        {
            "frame": {"x": 544, "y": 64, "w": 32, "h": 32},
            "n_frames": 2,
            "alpha": [255,0,255]
        },

        "assault2_7":
        {
            "frame": {"x": 480, "y": 96, "w": 32, "h": 32},
            "n_frames": 2,
            "alpha": [255,0,255]
        },

        "assault2_8":
        {
            "frame": {"x": 544, "y": 96, "w": 32, "h": 32},
            "n_frames": 2,
            "alpha": [255,0,255]
        },

        "med2_1":
        {
            "frame": {"x": 640, "y": 0, "w": 32, "h": 32},
            "n_frames": 2,
            "alpha": [255,0,255]
        },

        "med2_2":
        {
            "frame": {"x": 704, "y": 0, "w": 32, "h": 32},
            "n_frames": 2,
            "alpha": [255,0,255]
        },

        "med2_3":
        {
            "frame": {"x": 640, "y": 32, "w": 32, "h": 32},
            "n_frames": 2,
            "alpha": [255,0,255]
        },

        "med2_4":
        {
            "frame": {"x": 704, "y": 32, "w": 32, "h": 32},
            "n_frames": 2,
            "alpha": [255,0,255]
        },

        "med2_5":
        {
            "frame": {"x": 640, "y": 64, "w": 32, "h": 32},
            "n_frames": 2,
            "alpha": [255,0,255]
        },

        "med2_6":
        {
            "frame": {"x": 704, "y": 64, "w": 32, "h": 32},
            "n_frames": 2,
            "alpha": [255,0,255]
        },

        "med2_7":
        {
            "frame": {"x": 640, "y": 96, "w": 32, "h": 32},
            "n_frames": 2,
            "alpha": [255,0,255]
        },

        "med2_8":
        {
            "frame": {"x": 704, "y": 96, "w": 32, "h": 32},
            "n_frames": 2,
            "alpha": [255,0,255]
        },

        "med3_1":
        {
            "frame": {"x": 800, "y": 0, "w": 32, "h": 32},
            "n_frames": 2,
            "alpha": [255,0,255]
        },

        "med3_2":
        {
            "frame": {"x": 864, "y": 0, "w": 32, "h": 32},
            "n_frames": 2,
            "alpha": [255,0,255]
        },

        "med3_3":
        {
            "frame": {"x": 800, "y": 32, "w": 32, "h": 32},
            "n_frames": 2,
            "alpha": [255,0,255]
        },

        "med3_4":
        {
            "frame": {"x": 864, "y": 32, "w": 32, "h": 32},
            "n_frames": 2,
            "alpha": [255,0,255]
        },

        "med3_5":
        {
            "frame": {"x": 800, "y": 64, "w": 32, "h": 32},
            "n_frames": 2,
            "alpha": [255,0,255]
        },

        "med3_6":
        {
            "frame": {"x": 864, "y": 64, "w": 32, "h": 32},
            "n_frames": 2,
            "alpha": [255,0,255]
        },

        "med3_7":
        {
            "frame": {"x": 800, "y": 96, "w": 32, "h": 32},
            "n_frames": 2,
            "alpha": [255,0,255]
        },

        "med3_8":
        {
            "frame": {"x": 864, "y": 96, "w": 32, "h": 32},
            "n_frames": 2,
            "alpha": [255,0,255]
        },

        "med4_1":
        {
            "frame": {"x": 960, "y": 0, "w": 32, "h": 32},
            "n_frames": 2,
            "alpha": [255,0,255]
        },

        "med4_2":
        {
            "frame": {"x": 1024, "y": 0, "w": 32, "h": 32},
            "n_frames": 2,
            "alpha": [255,0,255]
        },

        "med4_3":
        {
            "frame": {"x": 960, "y": 32, "w": 32, "h": 32},
            "n_frames": 2,
            "alpha": [255,0,255]
        },

        "med4_4":
        {
            "frame": {"x": 1024, "y": 32, "w": 32, "h": 32},
            "n_frames": 2,
            "alpha": [255,0,255]
        },

        "med4_5":
        {
            "frame": {"x": 960, "y": 64, "w": 32, "h": 32},
            "n_frames": 2,
            "alpha": [255,0,255]
        },

        "med4_6":
        {
            "frame": {"x": 1024, "y": 64, "w": 32, "h": 32},
            "n_frames": 2,
            "alpha": [255,0,255]
        },

        "med4_7":
        {
            "frame": {"x": 960, "y": 96, "w": 32, "h": 32},
            "n_frames": 2,
            "alpha": [255,0,255]
        },

        "med4_8":
        {
            "frame": {"x": 1024, "y": 96, "w": 32, "h": 32},
            "n_frames": 2,
            "alpha": [255,0,255]
        },

        "med5_1":
        {
            "frame": {"x": 1120, "y": 0, "w": 32, "h": 32},
            "n_frames": 2,
            "alpha": [255,0,255]
        },

        "med5_2":
        {
            "frame": {"x": 1184, "y": 0, "w": 32, "h": 32},
            "n_frames": 2,
            "alpha": [255,0,255]
        },

        "med5_3":
        {
            "frame": {"x": 1120, "y": 32, "w": 32, "h": 32},
            "n_frames": 2,
            "alpha": [255,0,255]
        },

        "med5_4":
        {
            "frame": {"x": 1184, "y": 32, "w": 32, "h": 32},
            "n_frames": 2,
            "alpha": [255,0,255]
        },

        "med5_5":
        {
            "frame": {"x": 1120, "y": 64, "w": 32, "h": 32},
            "n_frames": 2,
            "alpha": [255,0,255]
        },

        "med5_6":
        {
            "frame": {"x": 1184, "y": 64, "w": 32, "h": 32},
            "n_frames": 2,
            "alpha": [255,0,255]
        },

        "med5_7":
        {
            "frame": {"x": 1120, "y": 96, "w": 32, "h": 32},
            "n_frames": 2,
            "alpha": [255,0,255]
        },

        "med5_8":
        {
            "frame": {"x": 1184, "y": 96, "w": 32, "h": 32},
            "n_frames": 2,
            "alpha": [255,0,255]
        },

        "med6_1":
        {
            "frame": {"x": 1280, "y": 0, "w": 32, "h": 32},
            "n_frames": 2,
            "alpha": [255,0,255]
        },

        "med6_2":
        {
            "frame": {"x": 1344, "y": 0, "w": 32, "h": 32},
            "n_frames": 2,
            "alpha": [255,0,255]
        },

        "med6_3":
        {
            "frame": {"x": 1280, "y": 32, "w": 32, "h": 32},
            "n_frames": 2,
            "alpha": [255,0,255]
        },

        "med6_4":
        {
            "frame": {"x": 1344, "y": 32, "w": 32, "h": 32},
            "n_frames": 2,
            "alpha": [255,0,255]
        },

        "med6_5":
        {
            "frame": {"x": 1280, "y": 64, "w": 32, "h": 32},
            "n_frames": 2,
            "alpha": [255,0,255]
        },

        "med6_6":
        {
            "frame": {"x": 1344, "y": 64, "w": 32, "h": 32},
            "n_frames": 2,
            "alpha": [255,0,255]
        },

        "med6_7":
        {
            "frame": {"x": 1280, "y": 96, "w": 32, "h": 32},
            "n_frames": 2,
            "alpha": [255,0,255]
        },

        "med6_8":
        {
            "frame": {"x": 1344, "y": 96, "w": 32, "h": 32},
            "n_frames": 2,
            "alpha": [255,0,255]
        },

        "walker1_1":
        {
            "frame": {"x": 0, "y": 160, "w": 32, "h": 32},
            "n_frames": 2,
            "alpha": [255,0,255]
        },

        "walker1_2":
        {
            "frame": {"x": 64, "y": 160, "w": 32, "h": 32},
            "n_frames": 2,
            "alpha": [255,0,255]
        },

        "walker1_3":
        {
            "frame": {"x": 0, "y": 192, "w": 32, "h": 32},
            "n_frames": 2,
            "alpha": [255,0,255]
        },

        "walker1_4":
        {
            "frame": {"x": 64, "y": 192, "w": 32, "h": 32},
            "n_frames": 2,
            "alpha": [255,0,255]
        },

        "walker1_5":
        {
            "frame": {"x": 0, "y": 224, "w": 32, "h": 32},
            "n_frames": 2,
            "alpha": [255,0,255]
        },

        "walker1_6":
        {
            "frame": {"x": 64, "y": 224, "w": 32, "h": 32},
            "n_frames": 2,
            "alpha": [255,0,255]
        },

        "walker1_7":
        {
            "frame": {"x": 0, "y": 256, "w": 32, "h": 32},
            "n_frames": 2,
            "alpha": [255,0,255]
        },

        "walker1_8":
        {
            "frame": {"x": 64, "y": 256, "w": 32, "h": 32},
            "n_frames": 2,
            "alpha": [255,0,255]
        },

        "light2_1":
        {
            "frame": {"x": 160, "y": 160, "w": 32, "h": 32},
            "n_frames": 2,
            "alpha": [255,0,255]
        },

        "light2_2":
        {
            "frame": {"x": 224, "y": 160, "w": 32, "h": 32},
            "n_frames": 2,
            "alpha": [255,0,255]
        },

        "light2_3":
        {
            "frame": {"x": 160, "y": 192, "w": 32, "h": 32},
            "n_frames": 2,
            "alpha": [255,0,255]
        },

        "light2_4":
        {
            "frame": {"x": 224, "y": 192, "w": 32, "h": 32},
            "n_frames": 2,
            "alpha": [255,0,255]
        },

        "light2_5":
        {
            "frame": {"x": 160, "y": 224, "w": 32, "h": 32},
            "n_frames": 2,
            "alpha": [255,0,255]
        },

        "light2_6":
        {
            "frame": {"x": 224, "y": 224, "w": 32, "h": 32},
            "n_frames": 2,
            "alpha": [255,0,255]
        },

        "light2_7":
        {
            "frame": {"x": 160, "y": 256, "w": 32, "h": 32},
            "n_frames": 2,
            "alpha": [255,0,255]
        },

        "light2_8":
        {
            "frame": {"x": 224, "y": 256, "w": 32, "h": 32},
            "n_frames": 2,
            "alpha": [255,0,255]
        },

        "heavy1_1":
        {
            "frame": {"x": 320, "y": 160, "w": 32, "h": 32},
            "n_frames": 2,
            "alpha": [255,0,255]
        },

        "heavy1_2":
        {
            "frame": {"x": 384, "y": 160, "w": 32, "h": 32},
            "n_frames": 2,
            "alpha": [255,0,255]
        },

        "heavy1_3":
        {
            "frame": {"x": 320, "y": 192, "w": 32, "h": 32},
            "n_frames": 2,
            "alpha": [255,0,255]
        },

        "heavy1_4":
        {
            "frame": {"x": 384, "y": 192, "w": 32, "h": 32},
            "n_frames": 2,
            "alpha": [255,0,255]
        },

        "heavy1_5":
        {
            "frame": {"x": 320, "y": 224, "w": 32, "h": 32},
            "n_frames": 2,
            "alpha": [255,0,255]
        },

        "heavy1_6":
        {
            "frame": {"x": 384, "y": 224, "w": 32, "h": 32},
            "n_frames": 2,
            "alpha": [255,0,255]
        },

        "heavy1_7":
        {
            "frame": {"x": 320, "y": 256, "w": 32, "h": 32},
            "n_frames": 2,
            "alpha": [255,0,255]
        },

        "heavy1_8":
        {
            "frame": {"x": 384, "y": 256, "w": 32, "h": 32},
            "n_frames": 2,
            "alpha": [255,0,255]
        },


        "walker2_1":
        {
            "frame": {"x": 480, "y": 160, "w": 32, "h": 32},
            "n_frames": 2,
            "alpha": [255,0,255]
        },

        "walker2_2":
        {
            "frame": {"x": 544, "y": 160, "w": 32, "h": 32},
            "n_frames": 2,
            "alpha": [255,0,255]
        },

        "walker2_3":
        {
            "frame": {"x": 480, "y": 192, "w": 32, "h": 32},
            "n_frames": 2,
            "alpha": [255,0,255]
        },

        "walker2_4":
        {
            "frame": {"x": 544, "y": 192, "w": 32, "h": 32},
            "n_frames": 2,
            "alpha": [255,0,255]
        },

        "walker2_5":
        {
            "frame": {"x": 480, "y": 224, "w": 32, "h": 32},
            "n_frames": 2,
            "alpha": [255,0,255]
        },

        "walker2_6":
        {
            "frame": {"x": 544, "y": 224, "w": 32, "h": 32},
            "n_frames": 2,
            "alpha": [255,0,255]
        },

        "walker2_7":
        {
            "frame": {"x": 480, "y": 256, "w": 32, "h": 32},
            "n_frames": 2,
            "alpha": [255,0,255]
        },

        "walker2_8":
        {
            "frame": {"x": 544, "y": 256, "w": 32, "h": 32},
            "n_frames": 2,
            "alpha": [255,0,255]
        },


        "heavy2_1":
        {
            "frame": {"x": 640, "y": 160, "w": 32, "h": 32},
            "n_frames": 2,
            "alpha": [255,0,255]
        },

        "heavy2_2":
        {
            "frame": {"x": 704, "y": 160, "w": 32, "h": 32},
            "n_frames": 2,
            "alpha": [255,0,255]
        },

        "heavy2_3":
        {
            "frame": {"x": 640, "y": 192, "w": 32, "h": 32},
            "n_frames": 2,
            "alpha": [255,0,255]
        },

        "heavy2_4":
        {
            "frame": {"x": 704, "y": 192, "w": 32, "h": 32},
            "n_frames": 2,
            "alpha": [255,0,255]
        },

        "heavy2_5":
        {
            "frame": {"x": 640, "y": 224, "w": 32, "h": 32},
            "n_frames": 2,
            "alpha": [255,0,255]
        },

        "heavy2_6":
        {
            "frame": {"x": 704, "y": 224, "w": 32, "h": 32},
            "n_frames": 2,
            "alpha": [255,0,255]
        },

        "heavy2_7":
        {
            "frame": {"x": 640, "y": 256, "w": 32, "h": 32},
            "n_frames": 2,
            "alpha": [255,0,255]
        },

        "heavy2_8":
        {
            "frame": {"x": 704, "y": 256, "w": 32, "h": 32},
            "n_frames": 2,
            "alpha": [255,0,255]
        },


        "light3_1":
        {
            "frame": {"x": 800, "y": 160, "w": 32, "h": 32},
            "n_frames": 2,
            "alpha": [255,0,255]
        },

        "light3_2":
        {
            "frame": {"x": 864, "y": 160, "w": 32, "h": 32},
            "n_frames": 2,
            "alpha": [255,0,255]
        },

        "light3_3":
        {
            "frame": {"x": 800, "y": 192, "w": 32, "h": 32},
            "n_frames": 2,
            "alpha": [255,0,255]
        },

        "light3_4":
        {
            "frame": {"x": 864, "y": 192, "w": 32, "h": 32},
            "n_frames": 2,
            "alpha": [255,0,255]
        },

        "light3_5":
        {
            "frame": {"x": 800, "y": 224, "w": 32, "h": 32},
            "n_frames": 2,
            "alpha": [255,0,255]
        },

        "light3_6":
        {
            "frame": {"x": 864, "y": 224, "w": 32, "h": 32},
            "n_frames": 2,
            "alpha": [255,0,255]
        },

        "light3_7":
        {
            "frame": {"x": 800, "y": 256, "w": 32, "h": 32},
            "n_frames": 2,
            "alpha": [255,0,255]
        },

        "light3_8":
        {
            "frame": {"x": 864, "y": 256, "w": 32, "h": 32},
            "n_frames": 2,
            "alpha": [255,0,255]
        },


        "heavy3_1":
        {
            "frame": {"x": 960, "y": 160, "w": 32, "h": 32},
            "n_frames": 2,
            "alpha": [255,0,255]
        },

        "heavy3_2":
        {
            "frame": {"x": 1024, "y": 160, "w": 32, "h": 32},
            "n_frames": 2,
            "alpha": [255,0,255]
        },

        "heavy3_3":
        {
            "frame": {"x": 960, "y": 192, "w": 32, "h": 32},
            "n_frames": 2,
            "alpha": [255,0,255]
        },

        "heavy3_4":
        {
            "frame": {"x": 1024, "y": 192, "w": 32, "h": 32},
            "n_frames": 2,
            "alpha": [255,0,255]
        },

        "heavy3_5":
        {
            "frame": {"x": 960, "y": 224, "w": 32, "h": 32},
            "n_frames": 2,
            "alpha": [255,0,255]
        },

        "heavy3_6":
        {
            "frame": {"x": 1024, "y": 224, "w": 32, "h": 32},
            "n_frames": 2,
            "alpha": [255,0,255]
        },

        "heavy3_7":
        {
            "frame": {"x": 960, "y": 256, "w": 32, "h": 32},
            "n_frames": 2,
            "alpha": [255,0,255]
        },

        "heavy3_8":
        {
            "frame": {"x": 1024, "y": 256, "w": 32, "h": 32},
            "n_frames": 2,
            "alpha": [255,0,255]
        },


        "heavy4_1":
        {
            "frame": {"x": 1120, "y": 160, "w": 32, "h": 32},
            "n_frames": 2,
            "alpha": [255,0,255]
        },

        "heavy4_2":
        {
            "frame": {"x": 1184, "y": 160, "w": 32, "h": 32},
            "n_frames": 2,
            "alpha": [255,0,255]
        },

        "heavy4_3":
        {
            "frame": {"x": 1120, "y": 192, "w": 32, "h": 32},
            "n_frames": 2,
            "alpha": [255,0,255]
        },

        "heavy4_4":
        {
            "frame": {"x": 1184, "y": 192, "w": 32, "h": 32},
            "n_frames": 2,
            "alpha": [255,0,255]
        },

        "heavy4_5":
        {
            "frame": {"x": 1120, "y": 224, "w": 32, "h": 32},
            "n_frames": 2,
            "alpha": [255,0,255]
        },

        "heavy4_6":
        {
            "frame": {"x": 1184, "y": 224, "w": 32, "h": 32},
            "n_frames": 2,
            "alpha": [255,0,255]
        },

        "heavy4_7":
        {
            "frame": {"x": 1120, "y": 256, "w": 32, "h": 32},
            "n_frames": 2,
            "alpha": [255,0,255]
        },

        "heavy4_8":
        {
            "frame": {"x": 1184, "y": 256, "w": 32, "h": 32},
            "n_frames": 2,
            "alpha": [255,0,255]
        },

        "walker4_1":
        {
            "frame": {"x": 1280, "y": 160, "w": 32, "h": 32},
            "n_frames": 2,
            "alpha": [255,0,255]
        },

        "walker4_2":
        {
            "frame": {"x": 1344, "y": 160, "w": 32, "h": 32},
            "n_frames": 2,
            "alpha": [255,0,255]
        },

        "walker4_3":
        {
            "frame": {"x": 1280, "y": 192, "w": 32, "h": 32},
            "n_frames": 2,
            "alpha": [255,0,255]
        },

        "walker4_4":
        {
            "frame": {"x": 1344, "y": 192, "w": 32, "h": 32},
            "n_frames": 2,
            "alpha": [255,0,255]
        },

        "walker4_5":
        {
            "frame": {"x": 1280, "y": 224, "w": 32, "h": 32},
            "n_frames": 2,
            "alpha": [255,0,255]
        },

        "walker4_6":
        {
            "frame": {"x": 1344, "y": 224, "w": 32, "h": 32},
            "n_frames": 2,
            "alpha": [255,0,255]
        },

        "walker3_1":
        {
            "frame": {"x": 480, "y": 320, "w": 32, "h": 32},
            "n_frames": 2,
            "alpha": [255,0,255]
        },

        "walker3_2":
        {
            "frame": {"x": 544, "y": 320, "w": 32, "h": 32},
            "n_frames": 2,
            "alpha": [255,0,255]
        },

        "walker3_3":
        {
            "frame": {"x": 480, "y": 352, "w": 32, "h": 32},
            "n_frames": 2,
            "alpha": [255,0,255]
        },

        "walker3_4":
        {
            "frame": {"x": 544, "y": 352, "w": 32, "h": 32},
            "n_frames": 2,
            "alpha": [255,0,255]
        },

        "walker3_5":
        {
            "frame": {"x": 480, "y": 384, "w": 32, "h": 32},
            "n_frames": 2,
            "alpha": [255,0,255]
        },

        "walker3_6":
        {
            "frame": {"x": 544, "y": 384, "w": 32, "h": 32},
            "n_frames": 2,
            "alpha": [255,0,255]
        },

        "walker3_7":
        {
            "frame": {"x": 480, "y": 416, "w": 32, "h": 32},
            "n_frames": 2,
            "alpha": [255,0,255]
        },

        "walker3_8":
        {
            "frame": {"x": 544, "y": 416, "w": 32, "h": 32},
            "n_frames": 2,
            "alpha": [255,0,255]
        },

        "assault3_1":
        {
            "frame": {"x": 640, "y": 320, "w": 32, "h": 32},
            "n_frames": 2,
            "alpha": [255,0,255]
        },

        "assault3_2":
        {
            "frame": {"x": 704, "y": 320, "w": 32, "h": 32},
            "n_frames": 2,
            "alpha": [255,0,255]
        },

        "assault3_3":
        {
            "frame": {"x": 640, "y": 352, "w": 32, "h": 32},
            "n_frames": 2,
            "alpha": [255,0,255]
        },

        "assault3_4":
        {
            "frame": {"x": 704, "y": 352, "w": 32, "h": 32},
            "n_frames": 2,
            "alpha": [255,0,255]
        },

        "assault3_5":
        {
            "frame": {"x": 640, "y": 384, "w": 32, "h": 32},
            "n_frames": 2,
            "alpha": [255,0,255]
        },

        "assault3_6":
        {
            "frame": {"x": 704, "y": 384, "w": 32, "h": 32},
            "n_frames": 2,
            "alpha": [255,0,255]
        },

        "assault3_7":
        {
            "frame": {"x": 640, "y": 416, "w": 32, "h": 32},
            "n_frames": 2,
            "alpha": [255,0,255]
        },

        "assault3_8":
        {
            "frame": {"x": 704, "y": 416, "w": 32, "h": 32},
            "n_frames": 2,
            "alpha": [255,0,255]
        },

        "med7_1":
        {
            "frame": {"x": 800, "y": 320, "w": 32, "h": 32},
            "n_frames": 2,
            "alpha": [255,0,255]
        },

        "med7_2":
        {
            "frame": {"x": 864, "y": 320, "w": 32, "h": 32},
            "n_frames": 2,
            "alpha": [255,0,255]
        },

        "med7_3":
        {
            "frame": {"x": 800, "y": 352, "w": 32, "h": 32},
            "n_frames": 2,
            "alpha": [255,0,255]
        },

        "med7_4":
        {
            "frame": {"x": 864, "y": 352, "w": 32, "h": 32},
            "n_frames": 2,
            "alpha": [255,0,255]
        },

        "med7_5":
        {
            "frame": {"x": 800, "y": 384, "w": 32, "h": 32},
            "n_frames": 2,
            "alpha": [255,0,255]
        },

        "med7_6":
        {
            "frame": {"x": 864, "y": 384, "w": 32, "h": 32},
            "n_frames": 2,
            "alpha": [255,0,255]
        },

        "med7_7":
        {
            "frame": {"x": 800, "y": 416, "w": 32, "h": 32},
            "n_frames": 2,
            "alpha": [255,0,255]
        },

        "med7_8":
        {
            "frame": {"x": 864, "y": 416, "w": 32, "h": 32},
            "n_frames": 2,
            "alpha": [255,0,255]
        },
        
        "light4_1":
        {
            "frame": {"x": 960, "y": 320, "w": 32, "h": 32},
            "n_frames": 2,
            "alpha": [255,0,255]
        },

        "light4_2":
        {
            "frame": {"x": 1024, "y": 320, "w": 32, "h": 32},
            "n_frames": 2,
            "alpha": [255,0,255]
        },

        "light4_3":
        {
            "frame": {"x": 960, "y": 352, "w": 32, "h": 32},
            "n_frames": 2,
            "alpha": [255,0,255]
        },

        "light4_4":
        {
            "frame": {"x": 1024, "y": 352, "w": 32, "h": 32},
            "n_frames": 2,
            "alpha": [255,0,255]
        },

        "light4_5":
        {
            "frame": {"x": 960, "y": 384, "w": 32, "h": 32},
            "n_frames": 2,
            "alpha": [255,0,255]
        },

        "light4_6":
        {
            "frame": {"x": 1024, "y": 384, "w": 32, "h": 32},
            "n_frames": 2,
            "alpha": [255,0,255]
        },

        "light4_7":
        {
            "frame": {"x": 960, "y": 416, "w": 32, "h": 32},
            "n_frames": 2,
            "alpha": [255,0,255]
        },

        "light4_8":
        {
            "frame": {"x": 1024, "y": 416, "w": 32, "h": 32},
            "n_frames": 2,
            "alpha": [255,0,255]
        },

        "light5_1":
        {
            "frame": {"x": 1120, "y": 320, "w": 32, "h": 32},
            "n_frames": 2,
            "alpha": [255,0,255]
        },

        "light5_2":
        {
            "frame": {"x": 1184, "y": 320, "w": 32, "h": 32},
            "n_frames": 2,
            "alpha": [255,0,255]
        },

        "light5_3":
        {
            "frame": {"x": 1120, "y": 352, "w": 32, "h": 32},
            "n_frames": 2,
            "alpha": [255,0,255]
        },

        "light5_4":
        {
            "frame": {"x": 1184, "y": 352, "w": 32, "h": 32},
            "n_frames": 2,
            "alpha": [255,0,255]
        },

        "light5_5":
        {
            "frame": {"x": 1120, "y": 384, "w": 32, "h": 32},
            "n_frames": 2,
            "alpha": [255,0,255]
        },

        "light5_6":
        {
            "frame": {"x": 1184, "y": 384, "w": 32, "h": 32},
            "n_frames": 2,
            "alpha": [255,0,255]
        },

        "light5_7":
        {
            "frame": {"x": 1120, "y": 416, "w": 32, "h": 32},
            "n_frames": 2,
            "alpha": [255,0,255]
        },

        "light5_8":
        {
            "frame": {"x": 1184, "y": 416, "w": 32, "h": 32},
            "n_frames": 2,
            "alpha": [255,0,255]
        },

        "vehicle1_1":
        {
            "frame": {"x": 1280, "y": 320, "w": 32, "h": 32},
            "n_frames": 2,
            "alpha": [255,0,255]
        },

        "vehicle1_2":
        {
            "frame": {"x": 1344, "y": 320, "w": 32, "h": 32},
            "n_frames": 2,
            "alpha": [255,0,255]
        },

        "vehicle1_3":
        {
            "frame": {"x": 1280, "y": 352, "w": 32, "h": 32},
            "n_frames": 2,
            "alpha": [255,0,255]
        },

        "vehicle1_4":
        {
            "frame": {"x": 1344, "y": 352, "w": 32, "h": 32},
            "n_frames": 2,
            "alpha": [255,0,255]
        },

        "vehicle1_5":
        {
            "frame": {"x": 1280, "y": 384, "w": 32, "h": 32},
            "n_frames": 2,
            "alpha": [255,0,255]
        },

        "vehicle1_6":
        {
            "frame": {"x": 1344, "y": 384, "w": 32, "h": 32},
            "n_frames": 2,
            "alpha": [255,0,255]
        },
        
        "vehicle1_7":
        {
            "frame": {"x": 1280, "y": 416, "w": 32, "h": 32},
            "n_frames": 2,
            "alpha": [255,0,255]
        },

        "vehicle1_8":
        {
            "frame": {"x": 1344, "y": 416, "w": 32, "h": 32},
            "n_frames": 2,
            "alpha": [255,0,255]
        },  
        
        "infantry1_1":
        {
            "frame": {"x": 1120, "y": 480, "w": 32, "h": 32},
            "n_frames": 2,
            "alpha": [255,0,255]
        },

        "infantry1_2":
        {
            "frame": {"x": 1184, "y": 480, "w": 32, "h": 32},
            "n_frames": 2,
            "alpha": [255,0,255]
        },

        "turret1_1":
        {
            "frame": {"x": 960, "y": 480, "w": 32, "h": 32},
            "n_frames": 1,
            "alpha": [255,0,255]
        },

        "turret1_2":
        {
            "frame": {"x": 992, "y": 480, "w": 32, "h": 32},
            "n_frames": 1,
            "alpha": [255,0,255]
        },

        "turret1_3":
        {
            "frame": {"x": 1024, "y": 480, "w": 32, "h": 32},
            "n_frames": 1,
            "alpha": [255,0,255]
        },

        "turret1_4":
        {
            "frame": {"x": 1056, "y": 480, "w": 32, "h": 32},
            "n_frames": 1,
            "alpha": [255,0,255]
        },

        "turret1_5":
        {
            "frame": {"x": 960, "y": 512, "w": 32, "h": 32},
            "n_frames": 1,
            "alpha": [255,0,255]
        },

        "turret1_6":
        {
            "frame": {"x": 992, "y": 512, "w": 32, "h": 32},
            "n_frames": 1,
            "alpha": [255,0,255]
        },

        "turret1_7":
        {
            "frame": {"x": 1024, "y": 512, "w": 32, "h": 32},
            "n_frames": 1,
            "alpha": [255,0,255]
        },

        "turret1_8":
        {
            "frame": {"x": 1056, "y": 512, "w": 32, "h": 32},
            "n_frames": 1,
            "alpha": [255,0,255]
        },

        "turret1_9":
        {
            "frame": {"x": 960, "y": 544, "w": 32, "h": 32},
            "n_frames": 1,
            "alpha": [255,0,255]
        },

        "turret1_10":
        {
            "frame": {"x": 992, "y": 544, "w": 32, "h": 32},
            "n_frames": 1,
            "alpha": [255,0,255]
        },

        "turret1_11":
        {
            "frame": {"x": 1024, "y": 544, "w": 32, "h": 32},
            "n_frames": 1,
            "alpha": [255,0,255]
        },

        "turret1_12":
        {
            "frame": {"x": 1056, "y": 544, "w": 32, "h": 32},
            "n_frames": 1,
            "alpha": [255,0,255]
        },

        "destroyed":
        {
            "frame": {"x": 0, "y": 352, "w": 32, "h": 32},
            "n_frames": 1,
            "alpha": [255,0,255]
        }
    },

    "weapons":
    {
        "LRM":
        {
            "frame": {"x": 0, "y": 320, "w": 32, "h": 32},
            "n_frames": 1,
            "alpha": [255,0,255]
        },

        "SRM":
        {
            "frame": {"x": 32, "y": 320, "w": 32, "h": 32},
            "n_frames": 1,
            "alpha": [255,0,255]
        },

        "Flame":
        {
            "frame": {"x": 0, "y": 384, "w": 32, "h": 32},
            "n_frames": 5,
            "alpha": [0,0,0]
        },

        "Autocannon/2":
        {
            "frame": {"x": 64, "y": 320, "w": 32, "h": 32},
            "n_frames": 1,
            "alpha": [255,0,255]
        },

        "Autocannon/5":
        {
            "frame": {"x": 96, "y": 320, "w": 32, "h": 32},
            "n_frames": 1,
            "alpha": [255,0,255]
        },

        "Autocannon/10":
        {
            "frame": {"x": 128, "y": 320, "w": 32, "h": 32},
            "n_frames": 1,
            "alpha": [255,0,255]
        },

        "Autocannon/20":
        {
            "frame": {"x": 160, "y": 320, "w": 32, "h": 32},
            "n_frames": 1,
            "alpha": [255,0,255]
        },

        "Gauss":
        {
            "frame": {"x": 0, "y": 480, "w": 32, "h": 32},
            "n_frames": 1,
            "alpha": [255,0,255]
        },

        "BlastLaser":
        {
            "frame": {"x": 160, "y": 384, "w": 32, "h": 32},
            "n_frames": 1,
            "alpha": [0,0,0]
        },

        "Cannon":
        {
            "frame": {"x": 224, "y": 884, "w": 32, "h": 32},
            "n_frames": 4,
            "alpha": [255,0,255]
        }
    },

    "effects":
    {
        "explosion":
        {
            "frame": {"x": 224, "y": 320, "w": 56, "h": 56},
            "n_frames": 4,
            "alpha": [255,0,255]
        },

        "muzzle":
        {
            "frame": {"x": 0, "y": 416, "w": 32, "h": 32},
            "n_frames": 3,
            "frame_time": 0.025,
            "alpha": [255,0,255]
        },

        "muzzle2":
        {
            "frame": {"x": 224, "y": 788, "w": 32, "h": 32},
            "n_frames": 1,
            "frame_time": 0.05,
            "alpha": [255,0,255]
        },

        "swipe":
        {
            "frame": {"x": 224, "y": 820, "w": 64, "h": 64},
            "n_frames": 2,
            "frame_time": 0.5,
            "alpha": [255,0,255]
        },

        "bullet_hit":
        {
            "frame": {"x": 96, "y": 416, "w": 32, "h": 32},
            "n_frames": 3,
            "frame_time": 0.01,
            "alpha": [255,0,255]
        },

        "bullet_hit2":
        {
            "frame": {"x": 256, "y": 788, "w": 32, "h": 32},
            "n_frames": 4,
            "alpha": [255,0,255]
        },

        "yellow_particle":
        {
            "frame": {"x": 280, "y": 376, "w": 32, "h": 32},
            "n_frames": 3,
            "alpha": [0,0,0]
        },

        "blue_particle":
        {
            "frame": {"x": 280, "y": 440, "w": 32, "h": 32},
            "n_frames": 3,
            "alpha": [0,0,0]
        },

        "yellow_glow":
        {
            "frame": {"x": 224, "y": 516, "w": 32, "h": 32},
            "n_frames": 8,
            "alpha": [0,0,0]
        },

        "green_glow":
        {
            "frame": {"x": 224, "y": 548, "w": 32, "h": 32},
            "n_frames": 8,
            "alpha": [0,0,0]
        },

        "red_glow":
        {
            "frame": {"x": 224, "y": 580, "w": 32, "h": 32},
            "n_frames": 8,
            "alpha": [0,0,0]
        },

        "blue_glow":
        {
            "frame": {"x": 224, "y": 612, "w": 32, "h": 32},
            "n_frames": 8,
            "alpha": [0,0,0]
        },

        "flame_explosion":
        {
            "frame": {"x": 224, "y": 644, "w": 32, "h": 32},
            "n_frames": 4,
            "frame_time": 0.1,
            "alpha": [255,0,255]
        },

        "flame_explosion_small":
        {
            "frame": {"x": 224, "y": 676, "w": 16, "h": 16},
            "n_frames": 4,
            "alpha": [255,0,255]
        },

        "ac_explosion":
        {
            "frame": {"x": 224, "y": 692, "w": 32, "h": 32},
            "n_frames": 4,
            "alpha": [255,0,255]
        },

        "srm_explosion":
        {
            "frame": {"x": 224, "y": 724, "w": 32, "h": 32},
            "n_frames": 4,
            "alpha": [255,0,255]
        },

        "fireball_explosion":
        {
            "frame": {"x": 224, "y": 756, "w": 32, "h": 32},
            "n_frames": 8,
            "alpha": [255,0,255]
        },

        "shatter":
        {
            "frame": {"x": 280, "y": 408, "w": 32, "h": 32},
            "n_frames": 3,
            "alpha": [255,0,255]
        },

        "bullet_shatter":
        {
            "frame": {"x": 224, "y": 480, "w": 40, "h": 36},
            "n_frames": 3,
            "alpha": [255,0,255]
        },

        "beam_hit":
        {
            "frame": {"x": 224, "y": 376, "w": 56, "h": 56},
            "n_frames": 1,
            "alpha": [255,0,255]
        },

        "fire":
        {
            "frame": {"x": 96, "y": 352, "w": 32, "h": 32},
            "n_frames": 3,
            "alpha": [255,0,255]
        },

        "water_ripple":
        {
            "frame": {"x": 344, "y": 480, "w": 16, "h": 16},
            "n_frames": 5,
            "alpha": [255,0,255]
        },

        "foots_sand":
        {
            "frame": {"x": 344, "y": 496, "w": 16, "h": 16},
            "n_frames": 1,
            "alpha": [255,0,255]
        },

        "foots_snow":
        {
            "frame": {"x": 360, "y": 496, "w": 16, "h": 16},
            "n_frames": 1,
            "alpha": [255,0,255]
        },

        "foots_moon":
        {
            "frame": {"x": 376, "y": 496, "w": 16, "h": 16},
            "n_frames": 1,
            "alpha": [255,0,255]
        },

        "tracks_sand":
        {
            "frame": {"x": 392, "y": 496, "w": 16, "h": 16},
            "n_frames": 1,
            "alpha": [255,0,255]
        },

        "tracks_snow":
        {
            "frame": {"x": 408, "y": 496, "w": 16, "h": 16},
            "n_frames": 1,
            "alpha": [255,0,255]
        },

        "tracks_moon":
        {
            "frame": {"x": 424, "y": 496, "w": 16, "h": 16},
            "n_frames": 1,
            "alpha": [255,0,255]
        },

        "turret_base":
        {
            "frame": {"x": 424, "y": 496, "w": 16, "h": 16},
            "n_frames": 1,
            "alpha": [255,0,255]
        }
    },

    "icons":
    {
        "default":
        {
            "frame": {"x": 1568, "y": 96, "w": 32, "h": 32},
            "n_frames": 1,
            "alpha": [255,0,255]
        },

        "pirates":
        {
            "frame": {"x": 1568, "y": 96, "w": 32, "h": 32},
            "n_frames": 1,
            "alpha": [255,0,255]
        },

        "bandits":
        {
            "frame": {"x": 1568, "y": 96, "w": 32, "h": 32},
            "n_frames": 1,
            "alpha": [255,0,255]
        },

        "rebels":
        {
            "frame": {"x": 1568, "y": 96, "w": 32, "h": 32},
            "n_frames": 1,
            "alpha": [255,0,255]
        },

        "frr":
        {
            "frame": {"x": 1472, "y": 32, "w": 32, "h": 32},
            "n_frames": 1,
            "alpha": [255,0,255]
        },

        "davion":
        {
            "frame": {"x": 1440, "y": 0, "w": 32, "h": 32},
            "n_frames": 1,
            "alpha": [255,0,255]
        },

        "st_ives":
        {
            "frame": {"x": 1504, "y": 32, "w": 32, "h": 32},
            "n_frames": 1,
            "alpha": [255,0,255]
        },

        "kurita":
        {
            "frame": {"x": 1504, "y": 0, "w": 32, "h": 32},
            "n_frames": 1,
            "alpha": [255,0,255]
        },

        "steiner":
        {
            "frame": {"x": 1472, "y": 0, "w": 32, "h": 32},
            "n_frames": 1,
            "alpha": [255,0,255]
        },

        "liao":
        {
            "frame": {"x": 1568, "y": 0, "w": 32, "h": 32},
            "n_frames": 1,
            "alpha": [255,0,255]
        },

        "smokejag":
        {
            "frame": {"x": 1536, "y": 64, "w": 32, "h": 32},
            "n_frames": 1,
            "alpha": [255,0,255]
        },

        "steinerdav":
        {
            "frame": {"x": 1440, "y": 32, "w": 32, "h": 32},
            "n_frames": 1,
            "alpha": [255,0,255]
        },

        "marik":
        {
            "frame": {"x": 1536, "y": 0, "w": 32, "h": 32},
            "n_frames": 1,
            "alpha": [255,0,255]
        },

        "ghostbear":
        {
            "frame": {"x": 1504, "y": 64, "w": 32, "h": 32},
            "n_frames": 1,
            "alpha": [255,0,255]
        },

        "clanwolf":
        {
            "frame": {"x": 1440, "y": 64, "w": 32, "h": 32},
            "n_frames": 1,
            "alpha": [255,0,255]
        },

        "clan":
        {
            "frame": {"x": 1536, "y": 64, "w": 32, "h": 32},
            "n_frames": 1,
            "alpha": [255,0,255]
        },

        "clan_garrison":
        {
            "frame": {"x": 1536, "y": 64, "w": 32, "h": 32},
            "n_frames": 1,
            "alpha": [255,0,255]
        },

        "comstar":
        {
            "frame": {"x": 1536, "y": 32, "w": 32, "h": 32},
            "n_frames": 1,
            "alpha": [255,0,255]
        },

        "jadefalcon":
        {
            "frame": {"x": 1472, "y": 64, "w": 32, "h": 32},
            "n_frames": 1,
            "alpha": [255,0,255]
        },

        "starleague":
        {
            "frame": {"x": 1440, "y": 96, "w": 32, "h": 32},
            "n_frames": 1,
            "alpha": [255,0,255]
        },

        "blake":
        {
            "frame": {"x": 1568, "y": 32, "w": 32, "h": 32},
            "n_frames": 1,
            "alpha": [255,0,255]
        },

        "hawks":
        {
            "frame": {"x": 1568, "y": 64, "w": 32, "h": 32},
            "n_frames": 1,
            "alpha": [255,0,255]
        },

        "arano":
        {
            "frame": {"x": 1440, "y": 128, "w": 32, "h": 32},
            "n_frames": 1,
            "alpha": [255,0,255]
        },

        "independant":
        {
            "frame": {"x": 1472, "y": 128, "w": 32, "h": 32},
            "n_frames": 1,
            "alpha": [255,0,255]
        }
    },

    "paint_schemes":
    {
        "0":
        {
            "frame": {"x": 1280, "y": 480, "w": 32, "h": 32},
            "n_frames": 1,
            "alpha": [255,0,255]
        },

        "1":
        {
            "frame": {"x": 1312, "y": 480, "w": 32, "h": 32},
            "n_frames": 1,
            "alpha": [255,0,255]
        },

        "2":
        {
            "frame": {"x": 1344, "y": 480, "w": 32, "h": 32},
            "n_frames": 1,
            "alpha": [255,0,255]
        }
    },

    "zones":
    {
        "flee":
        {
            "frame": {"x": 1280, "y": 640, "w": 32, "h": 32},
            "n_frames": 1,
            "alpha": [255,0,255]
        },

        "capture":
        {
            "frame": {"x": 1312, "y": 640, "w": 32, "h": 32},
            "n_frames": 1,
            "alpha": [255,0,255]
        }
    },

    "rpg_0":
    {
        "jason_right":
        {
            "frame": {"x": 1440, "y": 160, "w": 16, "h": 16},
            "n_frames": 2,
            "alpha": [255,0,255]
        },

        "jason_left":
        {
            "frame": {"x": 1440, "y": 176, "w": 16, "h": 16},
            "n_frames": 2,
            "alpha": [255,0,255]
        },

        "jason_up":
        {
            "frame": {"x": 1440, "y": 192, "w": 16, "h": 16},
            "n_frames": 2,
            "alpha": [255,0,255]
        },

        "jason_down":
        {
            "frame": {"x": 1440, "y": 208, "w": 16, "h": 16},
            "n_frames": 2,
            "alpha": [255,0,255]
        }
    },

    "rpg_1":
    {
        "jason_right":
        {
            "frame": {"x": 1472, "y": 160, "w": 16, "h": 16},
            "n_frames": 2,
            "alpha": [255,0,255]
        },

        "jason_left":
        {
            "frame": {"x": 1472, "y": 176, "w": 16, "h": 16},
            "n_frames": 2,
            "alpha": [255,0,255]
        },

        "jason_up":
        {
            "frame": {"x": 1472, "y": 192, "w": 16, "h": 16},
            "n_frames": 2,
            "alpha": [255,0,255]
        },

        "jason_down":
        {
            "frame": {"x": 1472, "y": 208, "w": 16, "h": 16},
            "n_frames": 2,
            "alpha": [255,0,255]
        }
    },

    "rpg_2":
    {
        "jason_right":
        {
            "frame": {"x": 1504, "y": 160, "w": 16, "h": 16},
            "n_frames": 2,
            "alpha": [255,0,255]
        },

        "jason_left":
        {
            "frame": {"x": 1504, "y": 176, "w": 16, "h": 16},
            "n_frames": 2,
            "alpha": [255,0,255]
        },

        "jason_up":
        {
            "frame": {"x": 1504, "y": 192, "w": 16, "h": 16},
            "n_frames": 2,
            "alpha": [255,0,255]
        },

        "jason_down":
        {
            "frame": {"x": 1504, "y": 208, "w": 16, "h": 16},
            "n_frames": 2,
            "alpha": [255,0,255]
        }
    },

    "rpg_3":
    {
        "jason_right":
        {
            "frame": {"x": 1536, "y": 160, "w": 16, "h": 16},
            "n_frames": 2,
            "alpha": [255,0,255]
        },

        "jason_left":
        {
            "frame": {"x": 1536, "y": 176, "w": 16, "h": 16},
            "n_frames": 2,
            "alpha": [255,0,255]
        },

        "jason_up":
        {
            "frame": {"x": 1536, "y": 192, "w": 16, "h": 16},
            "n_frames": 2,
            "alpha": [255,0,255]
        },

        "jason_down":
        {
            "frame": {"x": 1536, "y": 208, "w": 16, "h": 16},
            "n_frames": 2,
            "alpha": [255,0,255]
        }
    },

    "rpg_4":
    {
        "jason_right":
        {
            "frame": {"x": 1440, "y": 224, "w": 16, "h": 16},
            "n_frames": 2,
            "alpha": [255,0,255]
        },

        "jason_left":
        {
            "frame": {"x": 1440, "y": 240, "w": 16, "h": 16},
            "n_frames": 2,
            "alpha": [255,0,255]
        },

        "jason_up":
        {
            "frame": {"x": 1440, "y": 256, "w": 16, "h": 16},
            "n_frames": 2,
            "alpha": [255,0,255]
        },

        "jason_down":
        {
            "frame": {"x": 1440, "y": 272, "w": 16, "h": 16},
            "n_frames": 2,
            "alpha": [255,0,255]
        }
    },

    "rpg_5":
    {
        "jason_right":
        {
            "frame": {"x": 1472, "y": 224, "w": 16, "h": 16},
            "n_frames": 2,
            "alpha": [255,0,255]
        },

        "jason_left":
        {
            "frame": {"x": 1472, "y": 240, "w": 16, "h": 16},
            "n_frames": 2,
            "alpha": [255,0,255]
        },

        "jason_up":
        {
            "frame": {"x": 1472, "y": 256, "w": 16, "h": 16},
            "n_frames": 2,
            "alpha": [255,0,255]
        },

        "jason_down":
        {
            "frame": {"x": 1472, "y": 272, "w": 16, "h": 16},
            "n_frames": 2,
            "alpha": [255,0,255]
        }
    },

    "rpg_6":
    {
        "jason_right":
        {
            "frame": {"x": 1504, "y": 224, "w": 16, "h": 16},
            "n_frames": 2,
            "alpha": [255,0,255]
        },

        "jason_left":
        {
            "frame": {"x": 1504, "y": 240, "w": 16, "h": 16},
            "n_frames": 2,
            "alpha": [255,0,255]
        },

        "jason_up":
        {
            "frame": {"x": 1504, "y": 256, "w": 16, "h": 16},
            "n_frames": 2,
            "alpha": [255,0,255]
        },

        "jason_down":
        {
            "frame": {"x": 1504, "y": 272, "w": 16, "h": 16},
            "n_frames": 2,
            "alpha": [255,0,255]
        }
    },

    "rpg_7":
    {
        "jason_right":
        {
            "frame": {"x": 1536, "y": 224, "w": 16, "h": 16},
            "n_frames": 2,
            "alpha": [255,0,255]
        },

        "jason_left":
        {
            "frame": {"x": 1536, "y": 240, "w": 16, "h": 16},
            "n_frames": 2,
            "alpha": [255,0,255]
        },

        "jason_up":
        {
            "frame": {"x": 1536, "y": 256, "w": 16, "h": 16},
            "n_frames": 2,
            "alpha": [255,0,255]
        },

        "jason_down":
        {
            "frame": {"x": 1536, "y": 272, "w": 16, "h": 16},
            "n_frames": 2,
            "alpha": [255,0,255]
        }
    },

    "rpg_8":
    {
        "jason_right":
        {
            "frame": {"x": 1440, "y": 320, "w": 16, "h": 16},
            "n_frames": 2,
            "alpha": [255,0,255]
        },

        "jason_left":
        {
            "frame": {"x": 1440, "y": 336, "w": 16, "h": 16},
            "n_frames": 2,
            "alpha": [255,0,255]
        },

        "jason_up":
        {
            "frame": {"x": 1440, "y": 352, "w": 16, "h": 16},
            "n_frames": 2,
            "alpha": [255,0,255]
        },

        "jason_down":
        {
            "frame": {"x": 1440, "y": 368, "w": 16, "h": 16},
            "n_frames": 2,
            "alpha": [255,0,255]
        }
    },

    "rpg_9":
    {
        "jason_right":
        {
            "frame": {"x": 1472, "y": 320, "w": 16, "h": 16},
            "n_frames": 2,
            "alpha": [255,0,255]
        },

        "jason_left":
        {
            "frame": {"x": 1472, "y": 336, "w": 16, "h": 16},
            "n_frames": 2,
            "alpha": [255,0,255]
        },

        "jason_up":
        {
            "frame": {"x": 1472, "y": 352, "w": 16, "h": 16},
            "n_frames": 2,
            "alpha": [255,0,255]
        },

        "jason_down":
        {
            "frame": {"x": 1472, "y": 368, "w": 16, "h": 16},
            "n_frames": 2,
            "alpha": [255,0,255]
        }
    },

    "rpg_10":
    {
        "jason_right":
        {
            "frame": {"x": 1504, "y": 320, "w": 16, "h": 16},
            "n_frames": 2,
            "alpha": [255,0,255]
        },

        "jason_left":
        {
            "frame": {"x": 1504, "y": 336, "w": 16, "h": 16},
            "n_frames": 2,
            "alpha": [255,0,255]
        },

        "jason_up":
        {
            "frame": {"x": 1504, "y": 352, "w": 16, "h": 16},
            "n_frames": 2,
            "alpha": [255,0,255]
        },

        "jason_down":
        {
            "frame": {"x": 1504, "y": 368, "w": 16, "h": 16},
            "n_frames": 2,
            "alpha": [255,0,255]
        }
    },

    "rpg_11":
    {
        "jason_right":
        {
            "frame": {"x": 1536, "y": 320, "w": 16, "h": 16},
            "n_frames": 2,
            "alpha": [255,0,255]
        },

        "jason_left":
        {
            "frame": {"x": 1536, "y": 336, "w": 16, "h": 16},
            "n_frames": 2,
            "alpha": [255,0,255]
        },

        "jason_up":
        {
            "frame": {"x": 1536, "y": 352, "w": 16, "h": 16},
            "n_frames": 2,
            "alpha": [255,0,255]
        },

        "jason_down":
        {
            "frame": {"x": 1536, "y": 368, "w": 16, "h": 16},
            "n_frames": 2,
            "alpha": [255,0,255]
        }
    },

    "rpg_12":
    {
        "jason_right":
        {
            "frame": {"x": 1440, "y": 384, "w": 16, "h": 16},
            "n_frames": 2,
            "alpha": [255,0,255]
        },

        "jason_left":
        {
            "frame": {"x": 1440, "y": 400, "w": 16, "h": 16},
            "n_frames": 2,
            "alpha": [255,0,255]
        },

        "jason_up":
        {
            "frame": {"x": 1440, "y": 416, "w": 16, "h": 16},
            "n_frames": 2,
            "alpha": [255,0,255]
        },

        "jason_down":
        {
            "frame": {"x": 1440, "y": 432, "w": 16, "h": 16},
            "n_frames": 2,
            "alpha": [255,0,255]
        }
    },

    "rpg_13":
    {
        "jason_right":
        {
            "frame": {"x": 1472, "y": 384, "w": 16, "h": 16},
            "n_frames": 2,
            "alpha": [255,0,255]
        },

        "jason_left":
        {
            "frame": {"x": 1472, "y": 400, "w": 16, "h": 16},
            "n_frames": 2,
            "alpha": [255,0,255]
        },

        "jason_up":
        {
            "frame": {"x": 1472, "y": 416, "w": 16, "h": 16},
            "n_frames": 2,
            "alpha": [255,0,255]
        },

        "jason_down":
        {
            "frame": {"x": 1472, "y": 432, "w": 16, "h": 16},
            "n_frames": 2,
            "alpha": [255,0,255]
        }
    },

    "rpg_14":
    {
        "jason_right":
        {
            "frame": {"x": 1504, "y": 384, "w": 16, "h": 16},
            "n_frames": 2,
            "alpha": [255,0,255]
        },

        "jason_left":
        {
            "frame": {"x": 1504, "y": 400, "w": 16, "h": 16},
            "n_frames": 2,
            "alpha": [255,0,255]
        },

        "jason_up":
        {
            "frame": {"x": 1504, "y": 416, "w": 16, "h": 16},
            "n_frames": 2,
            "alpha": [255,0,255]
        },

        "jason_down":
        {
            "frame": {"x": 1504, "y": 432, "w": 16, "h": 16},
            "n_frames": 2,
            "alpha": [255,0,255]
        }
    },

    "rpg_15":
    {
        "jason_right":
        {
            "frame": {"x": 1536, "y": 384, "w": 16, "h": 16},
            "n_frames": 2,
            "alpha": [255,0,255]
        },

        "jason_left":
        {
            "frame": {"x": 1536, "y": 400, "w": 16, "h": 16},
            "n_frames": 2,
            "alpha": [255,0,255]
        },

        "jason_up":
        {
            "frame": {"x": 1536, "y": 416, "w": 16, "h": 16},
            "n_frames": 2,
            "alpha": [255,0,255]
        },

        "jason_down":
        {
            "frame": {"x": 1536, "y": 432, "w": 16, "h": 16},
            "n_frames": 2,
            "alpha": [255,0,255]
        }
    },

    "rpg_16":
    {
        "jason_right":
        {
            "frame": {"x": 1440, "y": 480, "w": 16, "h": 16},
            "n_frames": 2,
            "alpha": [255,0,255]
        },

        "jason_left":
        {
            "frame": {"x": 1440, "y": 496, "w": 16, "h": 16},
            "n_frames": 2,
            "alpha": [255,0,255]
        },

        "jason_up":
        {
            "frame": {"x": 1440, "y": 512, "w": 16, "h": 16},
            "n_frames": 2,
            "alpha": [255,0,255]
        },

        "jason_down":
        {
            "frame": {"x": 1440, "y": 528, "w": 16, "h": 16},
            "n_frames": 2,
            "alpha": [255,0,255]
        }
    },

    "rpg_17":
    {
        "jason_right":
        {
            "frame": {"x": 1472, "y": 480, "w": 16, "h": 16},
            "n_frames": 2,
            "alpha": [255,0,255]
        },

        "jason_left":
        {
            "frame": {"x": 1472, "y": 496, "w": 16, "h": 16},
            "n_frames": 2,
            "alpha": [255,0,255]
        },

        "jason_up":
        {
            "frame": {"x": 1472, "y": 512, "w": 16, "h": 16},
            "n_frames": 2,
            "alpha": [255,0,255]
        },

        "jason_down":
        {
            "frame": {"x": 1472, "y": 528, "w": 16, "h": 16},
            "n_frames": 2,
            "alpha": [255,0,255]
        }
    },

    "rpg_18":
    {
        "jason_right":
        {
            "frame": {"x": 1504, "y": 480, "w": 16, "h": 16},
            "n_frames": 2,
            "alpha": [255,0,255]
        },

        "jason_left":
        {
            "frame": {"x": 1504, "y": 496, "w": 16, "h": 16},
            "n_frames": 2,
            "alpha": [255,0,255]
        },

        "jason_up":
        {
            "frame": {"x": 1504, "y": 512, "w": 16, "h": 16},
            "n_frames": 2,
            "alpha": [255,0,255]
        },

        "jason_down":
        {
            "frame": {"x": 1504, "y": 528, "w": 16, "h": 16},
            "n_frames": 2,
            "alpha": [255,0,255]
        }
    },

    "rpg_19":
    {
        "jason_right":
        {
            "frame": {"x": 1536, "y": 480, "w": 16, "h": 16},
            "n_frames": 2,
            "alpha": [255,0,255]
        },

        "jason_left":
        {
            "frame": {"x": 1536, "y": 496, "w": 16, "h": 16},
            "n_frames": 2,
            "alpha": [255,0,255]
        },

        "jason_up":
        {
            "frame": {"x": 1536, "y": 512, "w": 16, "h": 16},
            "n_frames": 2,
            "alpha": [255,0,255]
        },

        "jason_down":
        {
            "frame": {"x": 1536, "y": 528, "w": 16, "h": 16},
            "n_frames": 2,
            "alpha": [255,0,255]
        }
    },

    "rpg_20":
    {
        "jason_right":
        {
            "frame": {"x": 1440, "y": 544, "w": 16, "h": 16},
            "n_frames": 2,
            "alpha": [255,0,255]
        },

        "jason_left":
        {
            "frame": {"x": 1440, "y": 560, "w": 16, "h": 16},
            "n_frames": 2,
            "alpha": [255,0,255]
        },

        "jason_up":
        {
            "frame": {"x": 1440, "y": 576, "w": 16, "h": 16},
            "n_frames": 2,
            "alpha": [255,0,255]
        },

        "jason_down":
        {
            "frame": {"x": 1440, "y": 592, "w": 16, "h": 16},
            "n_frames": 2,
            "alpha": [255,0,255]
        }
    },

    "rpg_21":
    {
        "jason_right":
        {
            "frame": {"x": 1472, "y": 544, "w": 16, "h": 16},
            "n_frames": 2,
            "alpha": [255,0,255]
        },

        "jason_left":
        {
            "frame": {"x": 1472, "y": 560, "w": 16, "h": 16},
            "n_frames": 2,
            "alpha": [255,0,255]
        },

        "jason_up":
        {
            "frame": {"x": 1472, "y": 576, "w": 16, "h": 16},
            "n_frames": 2,
            "alpha": [255,0,255]
        },

        "jason_down":
        {
            "frame": {"x": 1472, "y": 592, "w": 16, "h": 16},
            "n_frames": 2,
            "alpha": [255,0,255]
        }
    },

    "rpg_22":
    {
        "jason_right":
        {
            "frame": {"x": 1504, "y": 544, "w": 16, "h": 16},
            "n_frames": 2,
            "alpha": [255,0,255]
        },

        "jason_left":
        {
            "frame": {"x": 1504, "y": 560, "w": 16, "h": 16},
            "n_frames": 2,
            "alpha": [255,0,255]
        },

        "jason_up":
        {
            "frame": {"x": 1504, "y": 576, "w": 16, "h": 16},
            "n_frames": 2,
            "alpha": [255,0,255]
        },

        "jason_down":
        {
            "frame": {"x": 1504, "y": 592, "w": 16, "h": 16},
            "n_frames": 2,
            "alpha": [255,0,255]
        }
    },

    "rpg_23":
    {
        "jason_right":
        {
            "frame": {"x": 1536, "y": 544, "w": 16, "h": 16},
            "n_frames": 2,
            "alpha": [255,0,255]
        },

        "jason_left":
        {
            "frame": {"x": 1536, "y": 560, "w": 16, "h": 16},
            "n_frames": 2,
            "alpha": [255,0,255]
        },

        "jason_up":
        {
            "frame": {"x": 1536, "y": 576, "w": 16, "h": 16},
            "n_frames": 2,
            "alpha": [255,0,255]
        },

        "jason_down":
        {
            "frame": {"x": 1536, "y": 592, "w": 16, "h": 16},
            "n_frames": 2,
            "alpha": [255,0,255]
        }
    },

    "rpg_24":
    {
        "jason_right":
        {
            "frame": {"x": 1440, "y": 640, "w": 16, "h": 16},
            "n_frames": 2,
            "alpha": [255,0,255]
        },

        "jason_left":
        {
            "frame": {"x": 1440, "y": 656, "w": 16, "h": 16},
            "n_frames": 2,
            "alpha": [255,0,255]
        },

        "jason_up":
        {
            "frame": {"x": 1440, "y": 672, "w": 16, "h": 16},
            "n_frames": 2,
            "alpha": [255,0,255]
        },

        "jason_down":
        {
            "frame": {"x": 1440, "y": 688, "w": 16, "h": 16},
            "n_frames": 2,
            "alpha": [255,0,255]
        }
    },

    "rpg_25":
    {
        "jason_right":
        {
            "frame": {"x": 1472, "y": 640, "w": 16, "h": 16},
            "n_frames": 2,
            "alpha": [255,0,255]
        },

        "jason_left":
        {
            "frame": {"x": 1472, "y": 656, "w": 16, "h": 16},
            "n_frames": 2,
            "alpha": [255,0,255]
        },

        "jason_up":
        {
            "frame": {"x": 1472, "y": 672, "w": 16, "h": 16},
            "n_frames": 2,
            "alpha": [255,0,255]
        },

        "jason_down":
        {
            "frame": {"x": 1472, "y": 688, "w": 16, "h": 16},
            "n_frames": 2,
            "alpha": [255,0,255]
        }
    },

    "rpg_26":
    {
        "jason_right":
        {
            "frame": {"x": 1504, "y": 640, "w": 16, "h": 16},
            "n_frames": 2,
            "alpha": [255,0,255]
        },

        "jason_left":
        {
            "frame": {"x": 1504, "y": 656, "w": 16, "h": 16},
            "n_frames": 2,
            "alpha": [255,0,255]
        },

        "jason_up":
        {
            "frame": {"x": 1504, "y": 672, "w": 16, "h": 16},
            "n_frames": 2,
            "alpha": [255,0,255]
        },

        "jason_down":
        {
            "frame": {"x": 1504, "y": 688, "w": 16, "h": 16},
            "n_frames": 2,
            "alpha": [255,0,255]
        }
    },

    "rpg_27":
    {
        "jason_right":
        {
            "frame": {"x": 1536, "y": 640, "w": 16, "h": 16},
            "n_frames": 2,
            "alpha": [255,0,255]
        },

        "jason_left":
        {
            "frame": {"x": 1536, "y": 656, "w": 16, "h": 16},
            "n_frames": 2,
            "alpha": [255,0,255]
        },

        "jason_up":
        {
            "frame": {"x": 1536, "y": 672, "w": 16, "h": 16},
            "n_frames": 2,
            "alpha": [255,0,255]
        },

        "jason_down":
        {
            "frame": {"x": 1536, "y": 688, "w": 16, "h": 16},
            "n_frames": 2,
            "alpha": [255,0,255]
        }
    },

    "rpg_28":
    {
        "jason_right":
        {
            "frame": {"x": 1440, "y": 704, "w": 16, "h": 16},
            "n_frames": 2,
            "alpha": [255,0,255]
        },

        "jason_left":
        {
            "frame": {"x": 1440, "y": 720, "w": 16, "h": 16},
            "n_frames": 2,
            "alpha": [255,0,255]
        },

        "jason_up":
        {
            "frame": {"x": 1440, "y": 736, "w": 16, "h": 16},
            "n_frames": 2,
            "alpha": [255,0,255]
        },

        "jason_down":
        {
            "frame": {"x": 1440, "y": 752, "w": 16, "h": 16},
            "n_frames": 2,
            "alpha": [255,0,255]
        }
    },

    "rpg_29":
    {
        "jason_right":
        {
            "frame": {"x": 1472, "y": 704, "w": 16, "h": 16},
            "n_frames": 2,
            "alpha": [255,0,255]
        },

        "jason_left":
        {
            "frame": {"x": 1472, "y": 720, "w": 16, "h": 16},
            "n_frames": 2,
            "alpha": [255,0,255]
        },

        "jason_up":
        {
            "frame": {"x": 1472, "y": 736, "w": 16, "h": 16},
            "n_frames": 2,
            "alpha": [255,0,255]
        },

        "jason_down":
        {
            "frame": {"x": 1472, "y": 752, "w": 16, "h": 16},
            "n_frames": 2,
            "alpha": [255,0,255]
        }
    },

    "rpg_30":
    {
        "jason_right":
        {
            "frame": {"x": 1504, "y": 704, "w": 16, "h": 16},
            "n_frames": 2,
            "alpha": [255,0,255]
        },

        "jason_left":
        {
            "frame": {"x": 1504, "y": 720, "w": 16, "h": 16},
            "n_frames": 2,
            "alpha": [255,0,255]
        },

        "jason_up":
        {
            "frame": {"x": 1504, "y": 736, "w": 16, "h": 16},
            "n_frames": 2,
            "alpha": [255,0,255]
        },

        "jason_down":
        {
            "frame": {"x": 1504, "y": 752, "w": 16, "h": 16},
            "n_frames": 2,
            "alpha": [255,0,255]
        }
    },

    "rpg_31":
    {
        "jason_right":
        {
            "frame": {"x": 1536, "y": 704, "w": 16, "h": 16},
            "n_frames": 2,
            "alpha": [255,0,255]
        },

        "jason_left":
        {
            "frame": {"x": 1536, "y": 720, "w": 16, "h": 16},
            "n_frames": 2,
            "alpha": [255,0,255]
        },

        "jason_up":
        {
            "frame": {"x": 1536, "y": 736, "w": 16, "h": 16},
            "n_frames": 2,
            "alpha": [255,0,255]
        },

        "jason_down":
        {
            "frame": {"x": 1536, "y": 752, "w": 16, "h": 16},
            "n_frames": 2,
            "alpha": [255,0,255]
        }
    }
}
